{
  "version": 1,
  "author": "Anonymous maker",
  "editor": "wokwi",
  "parts": [
    { "type": "wokwi-pi-pico", "id": "pico", "top": 259.2, "left": -86.4, "attrs": {} },
    { "type": "wokwi-lcd2004", "id": "lcd1", "top": -222.44, "left": 73.6, "attrs": {} },
    {
      "type": "wokwi-74hc595",
      "id": "sr1",
      "top": 315.6,
      "left": 159.04,
      "rotate": 270,
      "attrs": {}
    },
    { "type": "wokwi-lcd2004", "id": "lcd2", "top": -222.44, "left": 428.8, "attrs": {} },
    {
      "type": "wokwi-ntc-temperature-sensor",
      "id": "ntc1",
      "top": 252.2,
      "left": -317.4,
      "attrs": {}
    },
    { "type": "wokwi-microsd-card", "id": "sd1", "top": 326.63, "left": -287.93, "attrs": {} },
    {
      "type": "chip-ram",
      "id": "chip1",
      "top": 429.27324899093213,
      "left": -345.69333971172307,
      "attrs": {}
    },
    {
      "type": "chip-rom",
      "id": "chip2",
      "top": 85.78045420919993,
      "left": -346.20077694748596,
      "attrs": {}
    }
  ],
  "connections": [
    [ "pico:GP0", "$serialMonitor:RX", "", [] ],
    [ "pico:GP1", "$serialMonitor:TX", "", [] ],
    [ "sr1:SHCP", "pico:GP28", "green", [ "h-103.74", "v19.06" ] ],
    [ "pico:GND.7", "sr1:STCP", "black", [ "h100.8", "v-31.95" ] ],
    [ "sr1:DS", "pico:GP27", "green", [ "h-84.54", "v19.06" ] ],
    [ "ntc1:OUT", "pico:GP3", "green", [ "h-134.4", "v287.9" ] ]
  ],
  "dependencies": {}
}