{
  "version": 1,
  "author": "Anonymous maker",
  "editor": "wokwi",
  "parts": [
    { "type": "wokwi-pi-pico", "id": "pico", "top": 259.2, "left": -86.4, "attrs": {} },
    { "type": "wokwi-lcd2004", "id": "lcd1", "top": -222.44, "left": 73.6, "attrs": {} },
    {
      "type": "wokwi-74hc595",
      "id": "sr1",
      "top": 315.46,
      "left": 217.3,
      "rotate": 270,
      "attrs": {}
    },
    { "type": "wokwi-lcd2004", "id": "lcd2", "top": -222.44, "left": 428.8, "attrs": {} },
    { "type": "chip-ram", "id": "chip1", "top": 260.22, "left": -744, "attrs": {} },
    { "type": "chip-rom", "id": "chip2", "top": 404.22, "left": -744, "attrs": {} },
    {
      "type": "wokwi-led",
      "id": "led1",
      "top": 399.6,
      "left": 301.8,
      "attrs": { "color": "red", "flip": "1" }
    },
    { "type": "wokwi-gnd", "id": "gnd1", "top": 480, "left": 364.2, "attrs": {} },
    { "type": "wokwi-vcc", "id": "vcc1", "top": 269.56, "left": 105.6, "attrs": {} },
    {
      "type": "wokwi-led",
      "id": "led2",
      "top": 399.6,
      "left": 52.2,
      "attrs": { "color": "red", "flip": "1" }
    },
    {
      "type": "wokwi-led",
      "id": "led3",
      "top": 399.6,
      "left": 90.6,
      "attrs": { "color": "red", "flip": "1" }
    },
    {
      "type": "wokwi-led",
      "id": "led4",
      "top": 399.6,
      "left": 129,
      "attrs": { "color": "red", "flip": "1" }
    },
    { "type": "wokwi-gnd", "id": "gnd2", "top": 451.2, "left": 181.8, "attrs": {} },
    { "type": "chip-fiforam", "id": "chip3", "top": 337.02, "left": -350.4, "attrs": {} }
  ],
  "connections": [
    [ "pico:GP0", "$serialMonitor:RX", "", [] ],
    [ "pico:GP1", "$serialMonitor:TX", "", [] ],
    [ "sr1:SHCP", "pico:GP28", "green", [ "h-103.74", "v19.06" ] ],
    [ "pico:GP22", "sr1:STCP", "black", [ "h100.8", "v-31.95" ] ],
    [ "sr1:DS", "pico:GP27", "green", [ "h-84.54", "v19.06" ] ],
    [ "pico:GP26", "lcd1:RS", "green", [ "h91.2", "v-377.55", "h57.6" ] ],
    [ "sr1:Q0", "led1:A", "green", [ "h-18", "v38.4", "h172.8" ] ],
    [ "sr1:GND", "gnd1:GND", "black", [ "h153.6", "v-28.8" ] ],
    [ "vcc1:VCC", "sr1:VCC", "red", [ "v0" ] ],
    [ "led2:A", "pico:GP22", "green", [ "v0" ] ],
    [ "led3:A", "pico:GP27", "green", [ "v0" ] ],
    [ "led4:A", "pico:GP28", "green", [ "v0" ] ],
    [ "sr1:OE", "gnd2:GND", "green", [ "h0" ] ],
    [ "led2:C", "gnd2:GND", "green", [ "v0" ] ],
    [ "led3:C", "gnd2:GND", "green", [ "v0" ] ],
    [ "led1:C", "gnd1:GND", "green", [ "v76.8", "h28.4" ] ],
    [ "led4:C", "gnd2:GND", "green", [ "v0" ] ],
    [ "sr1:MR", "vcc1:VCC", "green", [ "h0" ] ]
  ],
  "dependencies": {}
}